bin_lower,bin_upper,accuracy,count
0.339816,0.405845,0.0,7
0.405845,0.471874,0.3,20
0.471874,0.537903,0.329114,79
0.537903,0.603932,0.481982,222
0.603932,0.669961,0.565432,405
0.669961,0.735989,0.751101,454
0.735989,0.802018,0.888889,585
0.802018,0.868047,0.949283,907
0.868047,0.934076,0.975214,1170
0.934076,1.000105,0.988811,715
