bin_lower,bin_upper,accuracy,count
0.337205,0.403493,0.142857,7
0.403493,0.46978,0.085714,70
0.46978,0.536068,0.130208,192
0.536068,0.602355,0.297071,239
0.602355,0.668643,0.373563,174
0.668643,0.73493,0.682051,195
0.73493,0.801218,0.885965,228
0.801218,0.867505,0.970346,607
0.867505,0.933793,0.982925,1347
0.933793,1.00008,0.974086,1505
