{
  "model_id": "B1-mobilenet_v3_small-supcon",
  "split": "test",
  "timestamp": "2026-03-22T00-15-57",
  "git_sha": "b7bedbccb385ba56e305b0bb6c0490b8e93b8936",
  "num_gallery": 855,
  "num_queries": 4564,
  "retrieval": {
    "recall_at_1": 0.8470639789658194,
    "recall_at_5": 0.8840929009640666,
    "map_at_5": 0.8614190768331872,
    "mrr": 0.8647848827832866,
    "num_queries": 4564
  },
  "stratified": {
    "by_album_image_count": {
      "2-5": 0.81640625,
      "6+": 0.86045197740113
    },
    "by_resolution_bucket": {
      "<400px": 0.7821782178217822,
      "400-800px": 0.8282175551965536,
      "800+px": 0.8764559068219634
    },
    "by_augmentation_type": {}
  }
}