{
  "retrieval": {
    "recall_at_1": 0.8724966622162884,
    "recall_at_5": 0.894971072541166,
    "map_at_5": 0.8829216733422341,
    "mrr": 0.8841051492859899,
    "num_queries": 4494,
    "num_gallery": 855,
    "latency_per_query_s": 0.156
  },
  "mode": "test",
  "run_label": "D1-sscd-lightglue-k20"
}