{
  "retrieval": {
    "recall_at_1": 0.58,
    "recall_at_5": 0.72,
    "map_at_5": 0.6283333333333334,
    "mrr": 0.6426462149249972,
    "num_queries": 50,
    "num_gallery": 868,
    "top_k_sample": 50,
    "latency_per_query_s": 129.07
  },
  "mode": "sample"
}