{
  "retrieval": {
    "recall_at_1": 0.46,
    "recall_at_5": 0.5,
    "map_at_5": 0.4766666666666666,
    "mrr": 0.5036369824126169,
    "num_queries": 50,
    "num_gallery": 868,
    "top_k_sample": 50,
    "latency_per_query_s": 41.869
  },
  "mode": "sample"
}