bin_lower,bin_upper,accuracy,count
0.132426,0.219191,0.153153,222
0.219191,0.305956,0.256024,332
0.305956,0.392721,0.77551,147
0.392721,0.479486,0.948617,253
0.479486,0.566251,0.96978,364
0.566251,0.653016,0.968254,504
0.653016,0.739781,0.963397,683
0.739781,0.826546,0.976963,955
0.826546,0.913311,0.991347,809
0.913311,1.000076,0.979661,295
