bin_lower,bin_upper,accuracy,count
0.891018,0.901929,0.0,3
0.901929,0.91284,0.285714,7
0.91284,0.923751,0.282051,39
0.923751,0.934663,0.255319,94
0.934663,0.945574,0.242424,165
0.945574,0.956485,0.396667,300
0.956485,0.967396,0.56962,474
0.967396,0.978307,0.853354,641
0.978307,0.989219,0.95992,998
0.989219,1.00013,0.990233,1843
