bin_lower,bin_upper,accuracy,count
0.853297,0.867976,0.25,4
0.867976,0.882655,0.136364,22
0.882655,0.897334,0.407407,54
0.897334,0.912013,0.234694,98
0.912013,0.926692,0.281081,185
0.926692,0.941371,0.477011,348
0.941371,0.95605,0.69338,574
0.95605,0.970729,0.916335,753
0.970729,0.985408,0.968574,1241
0.985408,1.000087,0.989105,1285
