{
  "retrieval": {
    "recall_at_1": 0.867601246105919,
    "recall_at_5": 0.8896306186025812,
    "map_at_5": 0.8777926123720516,
    "mrr": 0.8794581546305166,
    "num_queries": 4494,
    "num_gallery": 855,
    "latency_per_query_s": 0.065
  },
  "mode": "test",
  "run_label": "D1-sscd-lightglue-k5"
}