bin_lower,bin_upper,accuracy,count
0.228215,0.305405,0.0,9
0.305405,0.382594,0.518519,27
0.382594,0.459784,0.3125,32
0.459784,0.536973,0.382979,141
0.536973,0.614163,0.314433,194
0.614163,0.691352,0.537705,305
0.691352,0.768542,0.809896,384
0.768542,0.845731,0.933042,687
0.845731,0.922921,0.970414,1521
0.922921,1.00011,0.981013,1264
