bin_lower,bin_upper,accuracy,count
0.222255,0.300039,0.0,8
0.300039,0.377823,0.066667,15
0.377823,0.455606,0.0625,64
0.455606,0.53339,0.182609,115
0.53339,0.611174,0.413953,215
0.611174,0.688957,0.39881,168
0.688957,0.766741,0.685279,197
0.766741,0.844525,0.875,376
0.844525,0.922308,0.945545,1212
0.922308,1.000092,0.979945,2194
