{
  "model_id": "A1-dinov2-cls-518",
  "split": "test",
  "timestamp": "2026-03-14T22-59-08",
  "git_sha": "256de393483049fe924f852089fbdff5188de9eb",
  "num_gallery": 855,
  "num_queries": 4564,
  "retrieval": {
    "recall_at_1": 0.8588957055214724,
    "recall_at_5": 0.8998685363716039,
    "map_at_5": 0.8762269938650308,
    "mrr": 0.8796900740754067,
    "num_queries": 4564
  },
  "stratified": {
    "by_album_image_count": {
      "2-5": 0.822265625,
      "6+": 0.8757062146892656
    },
    "by_resolution_bucket": {
      "<400px": 0.8052805280528053,
      "400-800px": 0.8319870759289176,
      "800+px": 0.8955906821963394
    },
    "by_augmentation_type": {}
  }
}