{
  "retrieval": {
    "recall_at_1": 0.38461538461538464,
    "recall_at_5": 0.38461538461538464,
    "map_at_5": 0.38461538461538464,
    "mrr": 0.40140363570780646,
    "num_queries": 13,
    "num_gallery": 855,
    "latency_per_query_s": 982.823
  },
  "mode": "sample"
}