bin_lower,bin_upper,accuracy,count
0.328068,0.395269,0.09375,32
0.395269,0.462471,0.059524,84
0.462471,0.529672,0.159204,201
0.529672,0.596873,0.295082,122
0.596873,0.664075,0.434426,122
0.664075,0.731276,0.733333,135
0.731276,0.798477,0.86631,187
0.798477,0.865679,0.955032,467
0.865679,0.93288,0.97318,1305
0.93288,1.000081,0.97957,1909
