{
  "model_id": "B2-dinov2-supcon",
  "split": "test",
  "timestamp": "2026-03-28T21-41-35",
  "git_sha": "bdb2380aee5c75dbcad8d509a99f12614f7f347c",
  "num_gallery": 855,
  "num_queries": 4564,
  "retrieval": {
    "recall_at_1": 0.8659070990359334,
    "recall_at_5": 0.9011831726555652,
    "map_at_5": 0.8805287759275489,
    "mrr": 0.8828401602541717,
    "num_queries": 4564
  },
  "stratified": {
    "by_album_image_count": {
      "2-5": 0.8193359375,
      "6+": 0.8861581920903955
    },
    "by_resolution_bucket": {
      "<400px": 0.8151815181518152,
      "400-800px": 0.8459881529348411,
      "800+px": 0.8976705490848585
    },
    "by_augmentation_type": {}
  }
}