model_id,p50_ms,p95_ms,p99_ms
A1-dinov2-cls,4.238541005179286,5.332458997145295,5.375915992772207
A1-dinov2-gem,4.266750009264797,5.296041999827139,5.457375009427778
A1-dinov2-cls-518,26.65266599797178,27.863666007760912,28.32062500237953
A1-dinov2-gem-518,26.49958299298305,27.525917001185007,27.88166700338479
A2-openclip,8.035999999265186,8.86016599542927,9.20541599043645
A4-sscd,5.5039169965311885,6.346875001327135,6.492542001069523
A3-featureprint,5.075833003502339,5.346500009181909,5.417959007900208
