bin_lower,bin_upper,accuracy,count
0.237542,0.313796,0.041667,96
0.313796,0.39005,0.191126,293
0.39005,0.466303,0.371179,229
0.466303,0.542557,0.797688,173
0.542557,0.618811,0.931655,278
0.618811,0.695065,0.954217,415
0.695065,0.771318,0.960976,615
0.771318,0.847572,0.966049,972
0.847572,0.923826,0.989671,1065
0.923826,1.00008,0.985981,428
