bin_lower,bin_upper,accuracy,count
0.313013,0.38176,0.2,5
0.38176,0.450507,0.368421,19
0.450507,0.519254,0.342105,38
0.519254,0.588001,0.453333,150
0.588001,0.656748,0.482094,363
0.656748,0.725495,0.703827,601
0.725495,0.794242,0.91528,661
0.794242,0.862989,0.952532,948
0.862989,0.931736,0.959932,1173
0.931736,1.000483,0.986799,606
