{
  "model_id": "A3-featureprint",
  "split": "test",
  "timestamp": "2026-03-14T23-48-28",
  "git_sha": "cf80d2e119da7a9a3b85797185e6c3720e7b7af8",
  "num_gallery": 855,
  "num_queries": 4564,
  "retrieval": {
    "recall_at_1": 0.8562664329535495,
    "recall_at_5": 0.9184925503943909,
    "map_at_5": 0.8813467718375694,
    "mrr": 0.8848589763390234,
    "num_queries": 4564
  },
  "stratified": {
    "by_album_image_count": {
      "2-5": 0.8662109375,
      "6+": 0.8564971751412429
    },
    "by_resolution_bucket": {
      "<400px": 0.8118811881188119,
      "400-800px": 0.8432956381260097,
      "800+px": 0.8764559068219634
    },
    "by_augmentation_type": {}
  }
}