bin_lower,bin_upper,accuracy,count
0.259799,0.333825,0.111111,9
0.333825,0.407851,0.065934,91
0.407851,0.481877,0.095238,189
0.481877,0.555903,0.235714,140
0.555903,0.629929,0.58,100
0.629929,0.703955,0.790123,81
0.703955,0.777981,0.863208,212
0.777981,0.852007,0.963592,412
0.852007,0.926033,0.976969,1346
0.926033,1.000059,0.985383,1984
